env_index,episode_steps,info,mode,repeat,termination,wall_seconds
0,440,"{""opponent_action"": [0.0, 0.0, 0.0, 0.0, 0.0, 0.0, 0.0, 0.0, 0.0, 0.0], ""nav_fall"": 1, ""episode"": {""r"": -43.530594, ""l"": 440, ""t"": 0.073213}, ""TimeLimit.truncated"": false}",wrapped,1,done,0.047036875010235235
0,933,"{""opponent_action"": [0.0, 0.0, 0.0, 0.0, 0.0, 0.0, 0.0, 0.0, 0.0, 0.0], ""nav_fall"": 1, ""episode"": {""r"": -28.686256, ""l"": 933, ""t"": 0.165803}, ""TimeLimit.truncated"": false}",wrapped,1,done,0.0927081249828916
0,191,"{""opponent_action"": [0.0, 0.0, 0.0, 0.0, 0.0, 0.0, 0.0, 0.0, 0.0, 0.0], ""nav_fall"": 1, ""episode"": {""r"": -43.913476, ""l"": 191, ""t"": 0.183185}, ""TimeLimit.truncated"": false}",wrapped,1,done,0.017284916015341878
0,117,"{""opponent_action"": [0.0, 0.0, 0.0, 0.0, 0.0, 0.0, 0.0, 0.0, 0.0, 0.0], ""nav_fall"": 1, ""episode"": {""r"": -45.024813, ""l"": 117, ""t"": 0.196071}, ""TimeLimit.truncated"": false}",wrapped,1,done,0.012935999984620139
0,162,"{""opponent_action"": [0.0, 0.0, 0.0, 0.0, 0.0, 0.0, 0.0, 0.0, 0.0, 0.0], ""nav_fall"": 1, ""episode"": {""r"": -41.165701, ""l"": 162, ""t"": 0.211199}, ""TimeLimit.truncated"": false}",wrapped,1,done,0.015209250006591901
0,843,"{""opponent_action"": [0.0, 0.0, 0.0, 0.0, 0.0, 0.0, 0.0, 0.0, 0.0, 0.0], ""nav_fall"": 1, ""episode"": {""r"": -34.291108, ""l"": 843, ""t"": 0.296665}, ""TimeLimit.truncated"": false}",wrapped,1,done,0.08549491700250655
0,310,"{""opponent_action"": [0.0, 0.0, 0.0, 0.0, 0.0, 0.0, 0.0, 0.0, 0.0, 0.0], ""nav_fall"": 1, ""episode"": {""r"": -31.729794, ""l"": 310, ""t"": 0.325647}, ""TimeLimit.truncated"": false}",wrapped,1,done,0.028860708000138402
0,365,"{""opponent_action"": [0.0, 0.0, 0.0, 0.0, 0.0, 0.0, 0.0, 0.0, 0.0, 0.0], ""nav_fall"": 1, ""episode"": {""r"": -49.753511, ""l"": 365, ""t"": 0.358644}, ""TimeLimit.truncated"": false}",wrapped,1,done,0.033115291997091845
0,184,"{""opponent_action"": [0.0, 0.0, 0.0, 0.0, 0.0, 0.0, 0.0, 0.0, 0.0, 0.0], ""nav_fall"": 1, ""episode"": {""r"": -49.479571, ""l"": 184, ""t"": 0.377377}, ""TimeLimit.truncated"": false}",wrapped,1,done,0.0186391249881126
0,905,"{""opponent_action"": [0.0, 0.0, 0.0, 0.0, 0.0, 0.0, 0.0, 0.0, 0.0, 0.0], ""nav_fall"": 1, ""episode"": {""r"": -46.652433, ""l"": 905, ""t"": 0.462417}, ""TimeLimit.truncated"": false}",wrapped,1,done,0.0851334170147311
0,186,"{""opponent_action"": [0.0, 0.0, 0.0, 0.0, 0.0, 0.0, 0.0, 0.0, 0.0, 0.0], ""nav_fall"": 1, ""episode"": {""r"": -38.05371, ""l"": 186, ""t"": 0.480929}, ""TimeLimit.truncated"": false}",wrapped,1,done,0.01836041599744931
0,263,"{""opponent_action"": [0.0, 0.0, 0.0, 0.0, 0.0, 0.0, 0.0, 0.0, 0.0, 0.0], ""nav_fall"": 1, ""episode"": {""r"": -41.093453, ""l"": 263, ""t"": 0.505862}, ""TimeLimit.truncated"": false}",wrapped,1,done,0.02519233399652876
0,425,"{""opponent_action"": [0.0, 0.0, 0.0, 0.0, 0.0, 0.0, 0.0, 0.0, 0.0, 0.0], ""nav_fall"": 1, ""episode"": {""r"": -29.556846, ""l"": 425, ""t"": 0.54825}, ""TimeLimit.truncated"": false}",wrapped,1,done,0.042212083004415035
0,387,"{""opponent_action"": [0.0, 0.0, 0.0, 0.0, 0.0, 0.0, 0.0, 0.0, 0.0, 0.0], ""nav_fall"": 1, ""episode"": {""r"": -46.522309, ""l"": 387, ""t"": 0.591444}, ""TimeLimit.truncated"": false}",wrapped,1,done,0.043329125008312985
0,281,"{""opponent_action"": [0.0, 0.0, 0.0, 0.0, 0.0, 0.0, 0.0, 0.0, 0.0, 0.0], ""nav_fall"": 1, ""episode"": {""r"": -39.587556, ""l"": 281, ""t"": 0.617722}, ""TimeLimit.truncated"": false}",wrapped,1,done,0.026039999997010455
0,309,"{""opponent_action"": [0.0, 0.0, 0.0, 0.0, 0.0, 0.0, 0.0, 0.0, 0.0, 0.0], ""nav_fall"": 1, ""episode"": {""r"": -28.479528, ""l"": 309, ""t"": 0.649779}, ""TimeLimit.truncated"": false}",wrapped,1,done,0.032177999994019046
0,141,"{""opponent_action"": [0.0, 0.0, 0.0, 0.0, 0.0, 0.0, 0.0, 0.0, 0.0, 0.0], ""nav_fall"": 1, ""episode"": {""r"": -52.798976, ""l"": 141, ""t"": 0.662823}, ""TimeLimit.truncated"": false}",wrapped,1,done,0.012962874985532835
0,57,"{""opponent_action"": [0.0, 0.0, 0.0, 0.0, 0.0, 0.0, 0.0, 0.0, 0.0, 0.0], ""nav_fall"": 1, ""episode"": {""r"": -44.637494, ""l"": 57, ""t"": 0.668628}, ""TimeLimit.truncated"": false}",wrapped,1,done,0.006729625019943342
0,450,"{""opponent_action"": [0.0, 0.0, 0.0, 0.0, 0.0, 0.0, 0.0, 0.0, 0.0, 0.0], ""nav_fall"": 1, ""episode"": {""r"": -43.406253, ""l"": 450, ""t"": 0.718581}, ""TimeLimit.truncated"": false}",wrapped,1,done,0.049585667002247646
0,107,"{""opponent_action"": [0.0, 0.0, 0.0, 0.0, 0.0, 0.0, 0.0, 0.0, 0.0, 0.0], ""nav_fall"": 1, ""episode"": {""r"": -47.595569, ""l"": 107, ""t"": 0.734779}, ""TimeLimit.truncated"": false}",wrapped,1,done,0.016567082988331094
0,479,"{""opponent_action"": [0.0, 0.0, 0.0, 0.0, 0.0, 0.0, 0.0, 0.0, 0.0, 0.0], ""nav_fall"": 1, ""episode"": {""r"": -54.100356, ""l"": 479, ""t"": 0.808915}, ""TimeLimit.truncated"": false}",wrapped,1,done,0.0734297499875538
0,589,"{""opponent_action"": [0.0, 0.0, 0.0, 0.0, 0.0, 0.0, 0.0, 0.0, 0.0, 0.0], ""nav_fall"": 1, ""episode"": {""r"": -51.771311, ""l"": 589, ""t"": 0.873662}, ""TimeLimit.truncated"": false}",wrapped,1,done,0.06455220800125971
0,497,"{""opponent_action"": [0.0, 0.0, 0.0, 0.0, 0.0, 0.0, 0.0, 0.0, 0.0, 0.0], ""nav_reached"": 1, ""episode"": {""r"": 19.775451, ""l"": 497, ""t"": 0.924576}, ""TimeLimit.truncated"": true}",wrapped,1,done,0.05085179200978018
0,534,"{""opponent_action"": [0.0, 0.0, 0.0, 0.0, 0.0, 0.0, 0.0, 0.0, 0.0, 0.0], ""nav_fall"": 1, ""episode"": {""r"": -25.977324, ""l"": 534, ""t"": 0.978342}, ""TimeLimit.truncated"": false}",wrapped,1,done,0.05382362499949522
0,514,"{""opponent_action"": [0.0, 0.0, 0.0, 0.0, 0.0, 0.0, 0.0, 0.0, 0.0, 0.0], ""nav_fall"": 1, ""episode"": {""r"": -36.904678, ""l"": 514, ""t"": 1.030296}, ""TimeLimit.truncated"": false}",wrapped,1,done,0.051914375013438985
0,258,"{""opponent_action"": [0.0, 0.0, 0.0, 0.0, 0.0, 0.0, 0.0, 0.0, 0.0, 0.0], ""nav_fall"": 1, ""episode"": {""r"": -48.253995, ""l"": 258, ""t"": 1.056334}, ""TimeLimit.truncated"": false}",wrapped,1,done,0.02600420798989944
